__BEGIN_CONFIG__,,,,,,,,,,,,,,,,,,,,,,,,,,,,,,,,,,,
VERSION,2,,,,,,,,,,,,,,,,,,,,,,,,,,,,,,,,,,
TYPE,RESOURCE,,,,,,,,,,,,,,,,,,,,,,,,,,,,,,,,,,
ORIGIN,EXTERNAL,,,,,,,,,,,,,,,,,,,,,,,,,,,,,,,,,,
LABEL,,,,,,,,,,,,,,,,,,,,,,,,,,,,,,,,,,,
LOOKUP_COLUMNS,LABEL-ID,,,,,,,,,,,,,,,,,,,,,,,,,,,,,,,,,,
IMPORT_COLUMNS,ASSET-TAG,RESOURCE-TYPE,METACLASS,CONTAINER,MODEL,SERIAL-NUMBER,DESCRIPTION,CIRCULATING,HOME-LOCATION,LOCATION-NOTE,URL,MANUFACTURER,VALUE,VENDOR,PURCHASE-DATE,CONDITION-NOTE,CONDITION-GRADE,ACCESSORIES,DESCRIPTION,CHECKOUT-CENTER,BARCODE,LAST-INVENTORIED-DATE,REPLACEMENT-DATE,WARRANTY-LABOR,WARRANTY-PARTS,SHELF-LOCATION,,,,,,,,,
NONIMPORT_COLUMNS,,,,,,,,,,,,,,,,,,,,,,,,,,,,,,,,,,,
,,,,,,,,,,,,,,,,,,,,,,,,,,,,,,,,,,,
__BEGIN_DATA__,,,,,,,,,,,,,,,,,,,,,,,,,,,,,,,,,,,
,,,,,,,,,,,,,,,,,,,,,,,,,,,,,,,,,,,
ASSET-TAG,LABEL-ID,RESOURCE-TYPE,METACLASS,CONTAINER,,MODEL,SERIAL-NUMBER,DESCRIPTION,CIRCULATING,,,HOME-LOCATION,LOCATION-NOTE,URL,MANUFACTURER,,VALUE,VENDOR,PURCHASE-DATE,CONDITION-NOTE,CONDITION-GRADE,ACCESSORIES,,,,DESCRIPTION,,,CHECKOUT-CENTER,BARCODE,LAST-INVENTORIED-DATE,REPLACEMENT-DATE,WARRANTY-LABOR,WARRANTY-PARTS,SHELF-LOCATION
,,,,,,,,,,,,,,,,,,,,,,,,,,,,,,,,,,,
Item,label-id,resource-type,metaclass,Kit,Photo (link to Google Drive file),Model Number,Serial Number,AC input,FCC ID:,DC Input,PSU Number,Notes,Manual Uploaded,Manual Source Google Drive URL,Manual Source Original URL,Manual Source Original URL,Resale Value,Resale Source URL,Resale Info: Date Recorded,Last-reported Condition(?),Equipment Status,Peripheral Status,Service Record,GEAR name,GEAR description,BOLDC description,BOLDC Instructions,BOLDC Demo Videos,checkout-center,,,,,,
Arri M18,boldc#ArriM18,lighting,EQUIPMENT,,,,,,,,,,,https://drive.google.com/file/d/1is7b-31zUfsob8liGjqEo-pbGg-4z9WK/view?usp=sharing,https://www.arri.com/en/lighting/daylight/m-series/m18#F0.0000M18,,5679.667,https://www.bhphotovideo.com/c/product/664968   https://www.sharegrid.com/products/77-arri-m18-1800w-hmi-system/buy   https://www.ebay.com/c/22006569623,2020-12-29,,,,,,,,,,ER - Bold-C,,,,,,
Arri L7-C,boldc#ArriL7-C,lighting,EQUIPMENT,,,,,,,,,,,https://drive.google.com/file/d/1GygGQmVNNZW8cVJI2bdxLJOIH5fJdedN/view?usp=sharing,https://www.arri.com/en/lighting/led/l-series-c/l7-c,,2973.293,https://www.bhphotovideo.com/c/product/1489889-REG/arri_l1_0014430_l7_c_le2_led_fresnel.html   https://www.csirentals.com/arri-l7-c-led-fresnel-color/   https://www.ebay.com/itm/Arri-L7-C-Light-Excellent-Condition-Low-hrs-/274462667847,2020-12-29,,,,,,,,,,ER - Bold-C,,,,,,
Avenger D600 Boom Stand,boldc#AvengerD600BoomStand,audio,EQUIPMENT,,,,,,,,BDSB31337,,,https://drive.google.com/file/d/16JXMJhGQqDPsLykgEyo6CoxZUE2q-tOG/view?usp=sharing,https://www.bhphotovideo.com/c/product/3599-REG/Avenger_D600_D600_Mini_Boom_3_8.html,,138.29,https://www.bhphotovideo.com/c/product/3599-REG/Avenger_D600_D600_Mini_Boom_3_8.html   https://www.amazon.com/Avenger-D600-Mini-Boom-Chrome/dp/B0000BZL0A   https://www.adorama.com/aed600.html ,2020-12-29,,,,,,,,,,ER - Bold-C,,,,,,
Avenger 4041B Boom Stand,boldc#Avenger4041BBoomStand,audio,EQUIPMENT,,,,,,,,BDSB31335,,,https://drive.google.com/file/d/1lYk3W6sn3k_TER-L5EW26NqqvPMQb48K/view?usp=sharing,https://www.bhphotovideo.com/c/product/200109-REG/Avenger_A4041B_A475B_Baby_Combi_Boom.html,,277.94,https://www.bhphotovideo.com/c/product/200109-REG/Avenger_A4041B_A475B_Baby_Combi_Boom.html   https://www.amazon.com/Avenger-Combi-Boom-Aluminum-Stand-Black/dp/B0034ZSY7Y,2020-12-29,,,,,,,,,,ER - Bold-C,,,,,,
Avenger 4041B Boom Stand,boldc#Avenger4041BBoomStand002,,EQUIPMENT,,,,,,,,BDSB31334,,,,,,,,,,,,,,,,,,ER - Bold-C,,,,,,
Kupo Grip Master Combo HD Stand,boldc#KupoGripMasterComboHDStand,audio,EQUIPMENT,,,KS200112,,,,,BDSB31338,SKU:6954016560376,,https://drive.google.com/file/d/1vtra7C1qCk378PzOzwYh1IYl8Wv5kOod/view?usp=sharing,https://kupogrip.com/kupo-master-combo-hd-stand-silver/,,171.95,https://kupogrip.com/kupo-master-combo-hd-stand-silver/   https://www.bhphotovideo.com/c/product/840733-REG/Kupo_KS200112_Master_Combo_HD_Stand.html   https://www.ebay.com/i/392000549426?chn=ps,2020-12-29,,,,,,,,,,ER - Bold-C,,,,,,
Kupo Grip Master Combo HD Stand,boldc#KupoGripMasterComboHDStand002,,EQUIPMENT,,,,,,,,BDSB31339,,,,,,,,,,,,,,,,,,ER - Bold-C,,,,,,
Backstage Magliner Junior Cart,boldc#BackstageMaglinerJuniorCart,accessory,EQUIPMENT,,,,,,,,,,,https://drive.google.com/file/d/1UGwyT1bk_Gnn_8TbXWAlmEBy2aJaKlCW/view?usp=sharing,https://backstageweb.com/product/magliner-jr-with-24-shelves,,935.84,https://backstageweb.com/product/magliner-jr-with-24-shelves   https://www.bhphotovideo.com/c/product/1468812-REG/backstage_equipment_mag_01_jr_8x_24_magliner_junior_modified_with.html   https://www.ebay.com/itm/Filmtools-Backstage-Magliner-24-x-48-Collapsible-Converted-Senior-Cart-/264952275562,2020-12-29,,,,,,,,,,ER - Bold-C,,,,,,
Blackmagic Production Camera (EF),boldc#BlackmagicProductionCamera(EF),camera,EQUIPMENT,,,,,,,,,,,https://drive.google.com/file/d/1B3eHoC7MmleVIpvP7HZW4JUMKy2E_KbY/view?usp=sharing,https://www.falcofilms.com/uploadsSystem/shopping/files/files/aqcPsd09Gz.pdf,,1249.5,https://www.amazon.com/Blackmagic-Design-Production-Camera-Mount/dp/B00CWLSHYG   https://www.ebay.com/p/215428967,2020-12-29,,,,,,,,,,ER - Bold-C,,,,,,
Blackmagic Production Camera (EF),boldc#BlackmagicProductionCamera(EF)002,camera,EQUIPMENT,,,,,,,,,,,https://drive.google.com/file/d/1B3eHoC7MmleVIpvP7HZW4JUMKy2E_KbY/view?usp=sharing,https://www.falcofilms.com/uploadsSystem/shopping/files/files/aqcPsd09Gz.pdf,,1249.5,https://www.amazon.com/Blackmagic-Design-Production-Camera-Mount/dp/B00CWLSHYG   https://www.ebay.com/p/215428967,2020-12-29,,,,,,,,,,ER - Bold-C,,,,,,
CamRade Wetsuit for RED Epic/Scarlet,boldc#CamRadeWetsuitforREDEpic/Scarlet,accessory,EQUIPMENT,,,,,,,,,,,https://drive.google.com/file/d/1Sdap19BRlP-TeRTb0RoqK7ksEXanzWA0/view?usp=sharing,https://www.camrade.com/products/wetsuits-rain-covers/camrade-wetsuit-red-epic-scarlet,,164.5,https://www.bhphotovideo.com/c/product/866927-REG/camRade_ws_red_epic_WetSuit_for_the_Red.html   https://www.ebay.com/itm/camRade-wetsuit-for-RED-Epic-and-Scarlett-Cameras-Black-/114428175269,2020-12-29,,,,,,,,,,ER - Bold-C,,,,,,
Canon 30-105 Cine PL,boldc#Canon30-105CinePL,accessory,EQUIPMENT,,,,,,,,BDSB31015,,,https://drive.google.com/file/d/1gzf7LnVtjkMQSxRdOd41h3uX_zaX62no/view?usp=sharing,https://usermanual.wiki/Canon/CanonCnE30105MmT28LSOwnersManual587626.1811677128,,0,https://www.bhphotovideo.com/c/product/889820-REG/Canon_CN_E30_105mm_T2_8_L_S.html,2020-12-29,,,,,,,,,,ER - Bold-C,,,,,,
Canon 24-105 EF,boldc#Canon24-105EF,accessory,EQUIPMENT,,,,,,,,,,,https://drive.google.com/file/d/19AKzHwIdFSOett-OkmVLMNC6Ii7tIYaa/view?usp=sharing,https://gdlp01.c-wss.com/gds/7/0300003587/02/ef24-105f4lisusm-im3-eng.pdf,,851,https://www.usa.canon.com/internet/portal/us/home/products/details/lenses/ef/standard-zoom/ef-24-105mm-f-4l-is-usm   https://www.bhphotovideo.com/c/product/1274709-REG/canon_ef_24_105mm_f_4l_is.html   https://www.ebay.com/itm/Canon-EF-24-105mm-f4-L-IS-USM-Lens-24-105-Mint-Condition-Lightly-Used/193817335941?hash=item2d2069d885:g:rP4AAOSwJZ5f4lcl,2020-12-29,,,,,,,,,,ER - Bold-C,,,,,,
Cooke Mini S4 Lens Set (PL 18  25  32  50  75  100),boldc#CookeMiniS4LensSet(PL1825325075100),accessory,EQUIPMENT,Cooke Lens Kit,,,,,,,,,,https://drive.google.com/file/d/17GYGi5rvV0tXPs-T_34VuEtAGquw8pqE/view?usp=sharing,https://www.cookeoptics.com/techdoc/F1279020DF268AF185257F95006FDC11/i2-user-guide+technical-manual-v4.0-2016--.pdf,,39297.5,https://www.bhphotovideo.com/c/product/829480-REG/cooke_ckep_set6_minis4_i_cine_lens_set.html   https://www.ebay.com/c/8009806309,2020-12-29,,,,,,,,,,ER - Bold-C,,,,,,
Cooke 100mm,boldc#Cooke100mm,,EQUIPMENT,Cooke Lens Kit,,,8100-0542,,,,BDSB31009,,,,,,,,,,,,,,,,,,ER - Bold-C,,,,,,
Cooke 75mm,boldc#Cooke75mm,,EQUIPMENT,Cooke Lens Kit,,,8075-0542,,,,BDSB31010,,,,,,,,,,,,,,,,,,ER - Bold-C,,,,,,
Cooke 50mm,boldc#Cooke50mm,,EQUIPMENT,Cooke Lens Kit,,,8050-0542,,,,BDSB31011,,,,,,,,,,,,,,,,,,ER - Bold-C,,,,,,
Cooke 32mm,boldc#Cooke32mm,,EQUIPMENT,Cooke Lens Kit,,,8032-0542,,,,BDSB31012,,,,,,,,,,,,,,,,,,ER - Bold-C,,,,,,
Cooke 25mm,boldc#Cooke25mm,,EQUIPMENT,Cooke Lens Kit,,,8025-0542,,,,BDSB31013,,,,,,,,,,,,,,,,,,ER - Bold-C,,,,,,
DJI Ronin 1,boldc#DJIRonin1,grip,EQUIPMENT,,,R-16,330030451,,553-HG9001407,,BDSB31213,,,https://drive.google.com/file/d/1h-M-JpvdP2uETGEFWz4ElObK6AqGn9Uq/view?usp=sharing,https://dl.djicdn.com/downloads/ronin/en/Ronin_User_Manual_v2.0_en_160229.pdf,,0,https://www.bhphotovideo.com/c/product/1137174-REG/dji_ronin_m_3_axis_handheld_stabilizer.html,2020-12-29,,,,,,,,,,ER - Bold-C,,,,,,
DJI Ronin Batteries,boldc#DJIRoninBatteries,,EQUIPMENT,,,824380-3400mAh-14.8v,,,,,BDSB31216    BDSB31215   ,Needs metadata,,,,,,,,,,,,,,,,,ER - Bold-C,,,,,,
DJI Ronin Batt. Charger,boldc#DJIRoninBatt.Charger,,EQUIPMENT,,,MDA10116803000,,,,,BDSB31228,,,,,,,,,,,,,,,,,,ER - Bold-C,,,,,,
DJI Ronin Plate,boldc#DJIRoninPlate,,EQUIPMENT,,,,,,,,BDSB31227,,,,,,,,,,,,,,,,,,ER - Bold-C,,,,,,
ProSup Easy Jib,boldc#ProSupEasyJib,grip,EQUIPMENT,,,,,,,,BDSB312212,,,https://drive.google.com/file/d/1gCviuSBrBAgBRFpTY_PDIr7D3OObbJFb/view?usp=sharing,https://www.prosup.com/wp-content/uploads/2018/04/ejib-product-details.pdf,,0,https://www.prosup.com/product/camera-jib/,2020-12-29,,,,,,,,,,ER - Bold-C,,,,,,
Matthews Butterfly Frame (8x8),boldc#MatthewsButterflyFrame(8x8),accessory,EQUIPMENT,,,,110-15223,,,,,,,https://drive.google.com/file/d/1xeHyLO4ALpMc7UYkXCTFuC-J0QIVrNXz/view?usp=sharing,https://www.bhphotovideo.com/c/product/99357-REG/Matthews_409308_Butterfly_Overhead_Snap_A_Part_Frame.html,,701.8,https://www.bhphotovideo.com/c/product/99357-REG/Matthews_409308_Butterfly_Overhead_Snap_A_Part_Frame.html   https://www.samys.com/p/Panel-Frames-Connectors--Accessories/409308/Matthews-Butterfly-Overhead-Snap-A-Part-Frame-8x8-ft./172677.html,2020-12-29,,,,,,,,,,ER - Bold-C,,,,,,
EasyRig Vario 5 with Flowcine Serene,boldc#EasyRigVario5withFlowcineSerene,grip,EQUIPMENT,,,603,,,,,BDSB31255,,,https://drive.google.com/file/d/1pzyaPb_BpLVCrGo316JEi3-wxBDWAWbE/view?usp=sharing,https://easyrig.se/wp-content/uploads/2019/04/VARIO-5.pdf,,6550,"https://www.bhphotovideo.com/c/product/1234140-REG/easyrig_erig_v_se_easyrig_vario_5_with.html   https://www.adorama.com/erigvse.htm   https://www.ebay.com/itm/Easyrig-Vario-5-with-Standard-Gimbal-Rig-Vest-and-STABIL-Stabilizer/193311563209?hash=item2d02445dc9:g:SxoAAOSwM~deKI2m


",2021-01-05,,,,,,,,,,ER - Bold-C,,,,,,
Fillex Lighting Kit (4 Fixtures),boldc#FillexLightingKit(4Fixtures),lighting,EQUIPMENT,Fiilex Light Kit,,,,,,,,,,https://drive.google.com/file/d/184e6qtrftTOLLimlv8Q_UYp6_euj-okO/view?usp=sharing,https://www.fiilex.com/downloads/P360/5870107%20A6%20P360%20Gen%20II%20MANUAL_FLXP360_SERIES.pdf,,-,ask,2021-01-05,,,,,,,,,,ER - Bold-C,,,,,,
Fiilex Light,boldc#FiilexLight,lighting,EQUIPMENT,Fiilex Light Kit,,,L7E5G00411,,,,BDSB31434,,,,,,,,,,,,,,,,,,ER - Bold-C,,,,,,
Fiilex Light,boldc#FiilexLight002,,EQUIPMENT,Fiilex Light Kit,,,L7E5G00410,,,,BDSB31435,,,,,,,,,,,,,,,,,,ER - Bold-C,,,,,,
Fiilex Light,boldc#FiilexLight003,,EQUIPMENT,Fiilex Light Kit,,,L7EBG01867,,,,BDSB31436,,,,,,,,,,,,,,,,,,ER - Bold-C,,,,,,
Filex Light,boldc#FilexLight,,EQUIPMENT,Fiilex Light Kit,,,L7E8G01866,,,,BDSB31437,,,,,,,,,,,,,,,,,,ER - Bold-C,,,,,,
Filex Light Tripod,boldc#FilexLightTripod,,EQUIPMENT,Fiilex Light Kit,,,,,,,BDSB31439,,,,,,,,,,,,,,,,,,ER - Bold-C,,,,,,
Filex Light Power Cord,boldc#FilexLightPowerCord,,EQUIPMENT,Fiilex Light Kit,,,878W47A028R,,,,,,,,,,,,,,,,,,,,,,ER - Bold-C,,,,,,
Filex Light Power Cord,boldc#FilexLightPowerCord002,,EQUIPMENT,Fiilex Light Kit,,,878W47A028H,,,,,,,,,,,,,,,,,,,,,,ER - Bold-C,,,,,,
Filex Light Power Cord,boldc#FilexLightPowerCord003,,EQUIPMENT,Fiilex Light Kit,,,6B1W3C200Z2,,,,,,,,,,,,,,,,,,,,,,ER - Bold-C,,,,,,
Filex Light Power Cord,boldc#FilexLightPowerCord004,,EQUIPMENT,Fiilex Light Kit,,,61W3C200Z8,,,,,,,,,,,,,,,,,,,,,,ER - Bold-C,,,,,,
"Flexfill Diffusion Silk (48"")","boldc#FlexfillDiffusionSilk(48"")",lighting,EQUIPMENT,,,,,,,,,,,https://drive.google.com/file/d/1ZUHTAI2yF7ER7L4DLOq8cgAXxBY07jgh/view?usp=sharing,https://www.bhphotovideo.com/c/product/17812-REG/Flexfill_489_48_Reflector_Silk.html/overview,,104.5,"no resale  no manu.  https://www.bhphotovideo.com/c/product/17812-REG/Flexfill_489_48_Reflector_Silk.html
",2021-01-05,,,,,,,,,,ER - Bold-C,,,,,,
"Flexfill Collapsible Reflector - 38"" Circular - Gold/White","boldc#FlexfillCollapsibleReflector-38""Circular-Gold/White",lighting,EQUIPMENT,,,,,,,,,,,https://drive.google.com/file/d/1BagssR1ZpYCoFyAbX5lv0wRkRktPvXW0/view?usp=sharing,https://www.bhphotovideo.com/c/product/17802-REG/Flexfill_383_38_Reflector_Gold_White.html,,65.48,"https://www.ebay.com/itm/Flexfill-Collapsible-Reflector-38-Gold-Circular-/264413516701
  https://www.bhphotovideo.com/c/product/17802-REG/Flexfill_383_38_Reflector_Gold_White.html   https://www.markertek.com/product/vd383/flexfill-38-3-gold-white-38in-collapsible-reflector

",2021-01-05,,,,,,,,,,ER - Bold-C,,,,,,
GlideCam HD4000,boldc#GlideCamHD4000,grip,EQUIPMENT,,,HD-4000,,,,,,,,https://drive.google.com/file/d/1W_NS5IjFrByRLE39TE51dOkGYDmEpC0d/view?usp=sharing,https://glidecam.com/wp-content/themes/glidecam/resources/manuals/Manual_HD-Series_v11.pdf,,189.9,"https://www.amazon.com/Glidecam-HD-4000-Hand-Held-Stabilizer-cameras/dp/B0021AES4G   https://www.ebay.com/itm/Glidecam-HD-4000-Black-Camera-Stabilizer-GREAT-DEAL/203231093766?hash=item2f51846406:g:z1EAAOSw7P9f6MkT    https://www.ebay.com/itm/glidecam-4000-HD/284115085012?hash=item42269426d4:g:pNcAAOSw9wVf19Yb

",2021-01-05,,,,,,,,,,ER - Bold-C,,,,,,
IDX JL-2Plus,boldc#IDXJL-2Plus,,EQUIPMENT,,,,J2-18568   J2-18346,,,,BDSB31463   BDSB31315,Needs metadata,,,,,,,,,,,,,,,,,ER - Bold-C,,,,,,
Switronix Pro-X 14.8 V,boldc#SwitronixPro-X14.8V,,EQUIPMENT,,,NPL60,BP39241479   BP39241474   BP39241452,,,,BDSB31235   BDSB31237  BDSB31238,Needs metadata,,,,,,,,,,,,,,,,,ER - Bold-C,,,,,,
KinoFlo Celeb400,boldc#KinoFloCeleb400,lighting,EQUIPMENT,,,CEL400C12OUC-Y-P,1569,100-240VAC,,18-28VDC 200Watts,BDSB31417,Has a lock on the Power cord make sure to unlock before unpluging,,https://drive.google.com/file/d/17Otcw6P5jN1nQXQiNsT6-9GPBQ4bfn9J/view?usp=sharing,https://www.kinoflo.com/PDF/News/Operational%20Manual%20for%20the%20web/3100072%20Rev%20A%20Celeb%20400%20DMX%20LED%2001-31-2014-Web%20Quality.pdf,,1430,"no manu  no resale   https://www.usedlighting.com/39312/kino-flo-celeb-400-led-dmx-kit
",2021-01-05,,Good,,,,,,,,ER - Bold-C,,,,,,
KinoFlo Celeb400,boldc#KinoFloCeleb400002,lighting,EQUIPMENT,,,CEL400C12OUC-Y-P,1569,100-240VAC,,18-28VDC 200Watts,BDSB31417,Has a lock on the Power cord make sure to unlock before unpluging,,https://drive.google.com/file/d/17Otcw6P5jN1nQXQiNsT6-9GPBQ4bfn9J/view?usp=sharing,https://www.kinoflo.com/PDF/News/Operational%20Manual%20for%20the%20web/3100072%20Rev%20A%20Celeb%20400%20DMX%20LED%2001-31-2014-Web%20Quality.pdf,,1430,"no manu  no resale   https://www.usedlighting.com/39312/kino-flo-celeb-400-led-dmx-kit
",2021-01-05,,Good,,,,,,,,ER - Bold-C,,,,,,
KinoFlo Diva Lite Set (two fixtures),boldc#KinoFloDivaLiteSet(twofixtures),lighting,EQUIPMENT,DIVA Lite Set,,,,,,,,,,https://drive.google.com/file/d/1JFOixQDN7w93oW_zcEGm6UAZ4sSSXRSf/view?usp=sharing,https://www.kinoflo.com/PDF/News/Operational%20Manual%20for%20the%20web/3100048%20Diva-Lite%20401%20&%20201%20Rev%20C%203-20-2013%20Web%20Quality.pdf,,1029.99,"b&h unavailable  https://www.bhphotovideo.com/c/product/587164-REG/Kino_Flo_Diva_Lite_400_Universal_Two.html
 https://www.sharegrid.com/newyork/l/83226?type=buy
 https://www.ebay.com/itm/Kino-Flo-Diva-Lite-400-Universal-2-Light-kit-w-Flight-Case-L-A-Pick-up/293930283143?hash=item446f9c3087:g:WWEAAOSwuIFf6kX1
",2021-01-05,,,,,,,,,,ER - Bold-C,,,,,,
DIVA LITE 401,boldc#DIVALITE401,,EQUIPMENT,DIVA Lite Set,,DIV-401-120,11949,,,,BDSB31419,,,,,,,,,,,,,,,,,,ER - Bold-C,,,,,,
DIVA LITE 401,boldc#DIVALITE401002,,EQUIPMENT,DIVA Lite Set,,DIV-401-120,11951,,,,BDSB31418,,,,,,,,,,,,,,,,,,ER - Bold-C,,,,,,
K-Tek 8ft Boom Pole,boldc#K-Tek8ftBoomPole,audio,EQUIPMENT,K-Tek Boom Pole 1,,KE-89CC,,,,,BDSB31307,,,https://drive.google.com/file/d/1DUIlLlkRtTuxvgQxG6aAbX8TYeD3Vd08/view?usp=sharing,https://ktekpro.com/product-category/boompoles/,,579.5,https://www.markertek.com/product/k-102cc/k-tek-8ft-9in-max-2ft-min-boom-pole-w-coiled-cable-xlr-connector,2021-01-05,,,,,,,,,,ER - Bold-C,,,,,,
Rycote Mic Holder,boldc#RycoteMicHolder,audio,EQUIPMENT,K-Tek Boom Pole 1,,,,,,,BDSB31311,,,,,,,,,,,,,,,,,,ER - Bold-C,,,,,,
K-Tek 8ft Boom Pole,boldc#K-Tek8ftBoomPole,audio,EQUIPMENT,K-Tek Boom Pole 2,,KE-89CC,,,,,BDSB31306,,,https://drive.google.com/file/d/1DUIlLlkRtTuxvgQxG6aAbX8TYeD3Vd08/view?usp=sharing,https://ktekpro.com/product-category/boompoles/,,579.5,https://www.markertek.com/product/k-102cc/k-tek-8ft-9in-max-2ft-min-boom-pole-w-coiled-cable-xlr-connector,2021-01-05,,,,,,,,,,ER - Bold-C,,,,,,
Rycote Mic Holder,boldc#RycoteMicHolder,audio,EQUIPMENT,K-Tek Boom Pole 2,,,,,,,BDSB31310,,,,,,,,,,,,,,,,,,ER - Bold-C,,,,,,
K-Tek 8ft Boom Pole,boldc#K-Tek8ftBoomPole,audio,EQUIPMENT,K-Tek Boom Pole 3,,KE-89CC,,,,,BDSB31305,Only Pole,,https://drive.google.com/file/d/1DUIlLlkRtTuxvgQxG6aAbX8TYeD3Vd08/view?usp=sharing,https://ktekpro.com/product-category/boompoles/,,579.5,https://www.markertek.com/product/k-102cc/k-tek-8ft-9in-max-2ft-min-boom-pole-w-coiled-cable-xlr-connector,2021-01-05,,,,,,,,,,ER - Bold-C,,,,,,
LectroSonics Wireless Kits (Rx Tx  Lav),boldc#LectroSonicsWirelessKits(RxTxLav),audio,EQUIPMENT,LectroSonics Mic Kit,,,,,,,,9V Batteries,,,https://www.bhphotovideo.com/c/product/1102617-REG/lectrosonics_zs_lrlt_a1_lr_receiver_belt_pack_lt.html/?ap=y&ap=y&smp=y&smp=y&lsft=BI%3A514&gclid=CjwKCAiA57D_BRAZEiwAZcfCxSYYAtBkSPJPJ7ZPD05UNfpTyy85ERqtbOakIpdDh9R2V3V5ZnrSeBoCYQkQAvD_BwE,,-, ,2021-01-05,,,,,,,,,,ER - Bold-C,,,,,,
UM400A Transmitter,boldc#UM400ATransmitter,audio,EQUIPMENT,LectroSonics Mic Kit,,,15342,,,,BDSB31175,,,,,,,,,,,,,,,,,,ER - Bold-C,,,,,,
UCR 401 Reciever,boldc#UCR401Reciever,audio,EQUIPMENT,LectroSonics Mic Kit,,UCR401,5962,,,,,,,,,,,,,,,,,,,,,,ER - Bold-C,,,,,,
Magliner Flatbed Cart,boldc#MaglinerFlatbedCart,accessory,EQUIPMENT,,,,,,,,,,,https://drive.google.com/file/d/1HENmf3JHAguO2qBxRKYRKvYxmv5rnig0/view?usp=sharing,https://www.magliner.com/ptk-2436s1-q,,-,,2021-01-05,,,,,,,,,,ER - Bold-C,,,,,,
Manfrotto Fluid Head Video Tripod,boldc#ManfrottoFluidHeadVideoTripod,accessory,EQUIPMENT,,,MVT502AM,R0140379,,,,BDSB31202,,,https://drive.google.com/file/d/1mwaNM0lUlaWyOzovgZPKDrgzjCtELODO/view?usp=sharing,https://cdn.vitecimagingsolutions.com/pub/media/downloadable/manual/instruction-MT190X3.pdf?_ga=2.77291989.1509772397.1609181055-543046997.1609181055,,-,,2021-01-05,,,,,,,,,,ER - Bold-C,,,,,,
Matthews Tree Branch Holder,boldc#MatthewsTreeBranchHolder,accessory,EQUIPMENT,,,429641,,,,,BDSB31476,,,https://drive.google.com/file/d/1m4DgFbaQrvZl4soW0LyRObFUwJiby1gH/view?usp=sharing,https://www.msegrip.com/products/tree-branch-holder,,77.98,"https://www.msegrip.com/products/tree-branch-holder   https://www.filmtools.com/msetrbrho4.html
  https://www.bhphotovideo.com/c/product/301949-REG/Matthews_429641_Tree_Branch_Holder.html/reviews
",2021-01-05,,,,,,,,,,ER - Bold-C,,,,,,
"Matthews C - Clamp with 2 Baby Pins - 8""","boldc#MatthewsC-Clampwith2BabyPins-8""",accessory,EQUIPMENT,,,,,,,,BDSB31358,,,https://drive.google.com/file/d/1EmYhT7T3f0DdLDGAT27EquHz2Yh9CL-f/view?usp=sharing,https://www.msegrip.com/products/c-clamps,,74.66,"https://www.bhphotovideo.com/c/product/33202-REG/Matthews_429598_C_Clamp_2.html   https://www.adorama.com/mt429598.html
   https://www.ebay.com/itm/Matthews-8-C-Clamp-w-2-Baby-5-8-Pins-/143658344176

",2021-01-05,,,,,,,,,,ER - Bold-C,,,,,,
"Matthews C - Clamp with 2 Baby Pins - 8""","boldc#MatthewsC-Clampwith2BabyPins-8""002",accessory,EQUIPMENT,,,,,,,,BDSB31357,,,https://drive.google.com/file/d/1EmYhT7T3f0DdLDGAT27EquHz2Yh9CL-f/view?usp=sharing,https://www.msegrip.com/products/c-clamps,,74.66,"https://www.bhphotovideo.com/c/product/33202-REG/Matthews_429598_C_Clamp_2.html   https://www.adorama.com/mt429598.html
   https://www.ebay.com/itm/Matthews-8-C-Clamp-w-2-Baby-5-8-Pins-/143658344176

",2021-01-05,,,,,,,,,,ER - Bold-C,,,,,,
"Matthews Baby Plate 3""","boldc#MatthewsBabyPlate3""",accessory,EQUIPMENT,,,429041,,,,,BDSB31360,,,https://drive.google.com/file/d/1lr3nK7rSBaovQAuCfVqZhFS7Dvos1r2u/view?usp=sharing,https://www.msegrip.com/products/baby-plates?_pos=1&_sid=80ba667a7&_ss=r,,19,"https://www.filmtools.com/mat3babnailp.html   https://www.bhphotovideo.com/c/product/33161-REG/Matthews_429041_Baby_Plate_3.html   https://www.ebay.com/itm/Matthews-3-Baby-Plate-429041-/332112082613

",2021-01-05,,,,,,,,,,ER - Bold-C,,,,,,
"Matthews Baby Plate 3""","boldc#MatthewsBabyPlate3""002",accessory,EQUIPMENT,,,429041,,,,,BDSB31359,,,,,,,,,,,,,,,,,,ER - Bold-C,,,,,,
"Matthews Super Mafer Clamp with Baby (5/8"") Pin","boldc#MatthewsSuperMaferClampwithBaby(5/8"")Pin",accessory,EQUIPMENT,,,,,,,,,,,https://drive.google.com/file/d/1DeGuSL98H6aJIdDba49dOnswPkWFL2GD/view?usp=sharing,https://www.bhphotovideo.com/c/product/320238-REG/Matthews_541004_Super_Mafer_Clamp_with.html,,38.46,"https://www.bhphotovideo.com/c/product/320238-REG/Matthews_541004_Super_Mafer_Clamp_with.html   https://www.filmtools.com/msemapicat54.html   https://www.ebay.com/itm/Matthews-Super-Mafer-Clamp-with-5-8-Pin-Black-B541004/392463408498

",2021-01-05,,,,,,,,,,ER - Bold-C,,,,,,
"Matthews Matthellini Clamp with 3"" Center Jaw","boldc#MatthewsMatthelliniClampwith3""CenterJaw",accessory,EQUIPMENT,,,,,,,,,in misc,,https://drive.google.com/file/d/121F75NICp-1XUwIgtzgeX39v7ta_5odV/view?usp=sharing,https://www.msegrip.com/products/matthellini-clamps,,42,https://www.bhphotovideo.com/c/product/161531-REG/Matthews_420101_Matthellini_Clamp_3.html   https://www.ebay.com/itm/Matthews-Studio-Equipment-Matthellini-Clamp-3-Center-Jaw-PN-420101/133539111594   https://www.amazon.com/Matthews-Matthellini-Clamp-Center-Jaw/dp/B00F3KO814,2021-01-10,,,,,,,,,,ER - Bold-C,,,,,,
Denecke TS-3 Time Code Slate - Black and White Clapper  EL Backlit,#ERROR!,postProduction,EQUIPMENT,,,,,,,,,,,https://drive.google.com/file/d/1SxxsnIXfFIyv9L_5j8cj1Mi5XR7oh_ZY/view?usp=sharing,http://www.denecke.com/Support/Documents/TS-3%202012.pdf,,1440.83,https://www.bhphotovideo.com/c/product/414880-REG/Denecke_TS_3ELBW_TS_3_Time_Code_Slate.html   https://www.performanceaudio.com/denecke-ts-3-time-code-slate-black-white-clapper.html   https://www.adorama.com/dets3elbw.html ,2021-01-10,,,,,,,,,,ER - Bold-C,,,,,,
Matthews 8x8' - White Artificial Silk,boldc#Matthews8x8'-WhiteArtificialSilk,,EQUIPMENT,,,,,,,,,,,https://drive.google.com/file/d/1P5FQeOTw_i2jkYYHhRZ5XEsIHA0CPmXh/view?usp=sharing,https://www.bhphotovideo.com/c/product/99341-REG/Matthews_319403_8x8_Overhead_Fabric.html,,116.73,https://www.bhphotovideo.com/c/product/99341-REG/Matthews_319403_8x8_Overhead_Fabric.html   https://www.samys.com/p/Scrims--Flags/319403/Matthews-8x8-Butterfly-Overhead-Artificial-Silk-White/21297.html   https://www.ebay.com/itm/Matthews-309084-6x6ft-Artificial-Silk-White-Scrim-/333085485517,2021-01-10,,,,,,,,,,ER - Bold-C,,,,,,
Matthews 8x8' - Black Double Scrim,boldc#Matthews8x8'-BlackDoubleScrim,,EQUIPMENT,,,,,,,,,,,https://drive.google.com/file/d/1P5FQeOTw_i2jkYYHhRZ5XEsIHA0CPmXh/view?usp=sharing,https://www.msegrip.com/products/12x18in-open-end-scrim?_pos=12&_sid=e08d17c8e&_ss=r,,296.95,https://www.bhphotovideo.com/c/product/99338-REG/Matthews_319401_8x8_Black_Double_Scrim.html   https://www.adorama.com/mt319401.html   no ebay,2021-01-10,,,,,,,,,,ER - Bold-C,,,,,,
Matthews 8x8' - Black Single Scrim,boldc#Matthews8x8'-BlackSingleScrim,,EQUIPMENT,,,,,,,,,,,https://drive.google.com/file/d/1P5FQeOTw_i2jkYYHhRZ5XEsIHA0CPmXh/view?usp=sharing,https://www.msegrip.com/products/12x18in-open-end-scrim?_pos=12&_sid=e08d17c8e&_ss=r,,189.95,https://www.bhphotovideo.com/c/product/99337-REG/Matthews_319400_Butterfly_Overhead_Fabric_8x8.html   https://www.amazon.com/Matthews-Single-Butterfly-Overhead-Fabric/dp/B006TH4UOU   no ebay,2021-01-10,,,,,,,,,,ER - Bold-C,,,,,,
Matthews 8x8' - White/White T55 Grifflector,boldc#Matthews8x8'-White/WhiteT55Grifflector,,EQUIPMENT,,,,,,,,,,,https://drive.google.com/file/d/1mrq-WJe3gVw8fTX6HuX3JpAacG1F5VPL/view?usp=sharing,https://www.bhphotovideo.com/c/product/187417-REG/Matthews_719114_8x8_Overhead_Fabric.html,,155.4,https://www.bhphotovideo.com/c/product/187417-REG/Matthews_719114_8x8_Overhead_Fabric.html   https://www.filmtools.com/8x8grwhwht5c.html   no ebay,2021-01-10,,,,,,,,,,ER - Bold-C,,,,,,
Matthews Light Control Bundle,boldc#MatthewsLightControlBundle,,EQUIPMENT,,,,,,,,,,,https://drive.google.com/file/d/1Jr5BTdK87Uby0gVg059V_adc3XlE2uk5/view?usp=sharing,https://www.msegrip.com/products/crls-lighting-control-bundle?_pos=1&_sid=7a4f65b7c&_ss=r,,on hold,,,,,,,,,,,,ER - Bold-C,,,,,,
Matthews 4x2 Knife Blades,boldc#Matthews4x2KnifeBlades,,EQUIPMENT,,,,,,,,,,,https://drive.google.com/file/d/16r8BlSHHQxIAiGhzjubqM7RwWJDurOs1/view?usp=sharing,https://www.bhphotovideo.com/c/product/1349743-REG/matthews_549126_48x48_gel_frame_knife.html,,0,,,,,,,,,,,,ER - Bold-C,,,,,,
Matthews 4x2 Knife Blades,boldc#Matthews4x2KnifeBlades002,,EQUIPMENT,,,,,,,,,,,https://drive.google.com/file/d/16r8BlSHHQxIAiGhzjubqM7RwWJDurOs1/view?usp=sharing,https://www.bhphotovideo.com/c/product/1349743-REG/matthews_549126_48x48_gel_frame_knife.html,,0,,,,,,,,,,,,ER - Bold-C,,,,,,
Speed Rail (5ft sections),boldc#SpeedRail(5ftsections),,EQUIPMENT,,,,,,,,,,,,,,on hold,,,,,,,,,,,,ER - Bold-C,,,,,,
Matthews Polito Bracket,boldc#MatthewsPolitoBracket,,EQUIPMENT,,,B119736,,,,,BDSB31475,,,https://drive.google.com/file/d/16xz_rS65dLb74PRJxX0bCZKK64bSgdaH/view?usp=sharing,https://www.bhphotovideo.com/c/product/33445-REG/Matthews_B119736_Polito_Bracket.html,,179.5,https://www.ebay.com/itm/Matthews-Polito-Bracket-B119736/174418228066?_trkparms=aid%3D1110006%26algo%3DHOMESPLICE.SIM%26ao%3D1%26asc%3D20160323102634%26meid%3Da7748af80bef49189fe910149ce4d2b3%26pid%3D100623%26rk%3D4%26rkt%3D5%26sd%3D333705458443%26itm%3D174418228066%26pmt%3D0%26noa%3D1%26pg%3D2047675%26algv%3DDefaultOrganic%26brand%3DMatthews+Studio+Equipment&_trksid=p2047675.c100623.m-1   https://gripsupportstore.com/products/polito-bracket-bead-board-holder   no 3rd sale only ebay and one site,2021-01-10,,,,,,,,,,ER - Bold-C,,,,,,
Matthews Double Header,boldc#MatthewsDoubleHeader,,EQUIPMENT,,,,,,,,,,,https://drive.google.com/file/d/1iHLRLrbNlhwyfP0gskh_4mbrON8MeCai/view?usp=sharing,https://www.bhphotovideo.com/c/product/33187-REG/Matthews_429581_Baby_Double_Header.html,,43.89,https://www.bhphotovideo.com/c/product/33187-REG/Matthews_429581_Baby_Double_Header.html   https://www.filmtools.com/badohe4.html   https://www.amazon.com/Matthews-Baby-Double-Header-Photography/dp/B07QMNMK2X ,2021-01-10,,,,,,,,,,ER - Bold-C,,,,,,
Matthews 4x4 Knife Blades,boldc#Matthews4x4KnifeBlades,,EQUIPMENT,,,,,,,,,,,https://drive.google.com/file/d/16r8BlSHHQxIAiGhzjubqM7RwWJDurOs1/view?usp=sharing,https://www.bhphotovideo.com/c/product/1349743-REG/matthews_549126_48x48_gel_frame_knife.html,,100.63,https://www.filmandvideolighting.com/matthews-gel-frame-4x4.html   https://www.msegrip.com/products/gel-frames?variant=12807165018178   https://www.adorama.com/mt549120.html ,2021-01-10,,,,,,,,,,ER - Bold-C,,,,,,
Matthews 4x4 Floppy,boldc#Matthews4x4Floppy,,EQUIPMENT,,,,,,,,,,,https://drive.google.com/file/d/159lp8Xfv2cf7R7AiENhukfCKFHO3husm/view?usp=sharing,https://www.msegrip.com/products/floppy-cutters?_pos=1&_sid=f9d9fa0a4&_ss=r,,156,https://www.bhphotovideo.com/c/product/184869-REG/Matthews_169028T_48x48_Floppy_Cutter.html   https://www.filmtools.com/48flopcuttop.html   no ebay,2021-01-10,,,,,,,,,,ER - Bold-C,,,,,,
Matthews 25lb Sandbag,boldc#Matthews25lbSandbag,,EQUIPMENT,,,,,,,,,,,,https://www.bhphotovideo.com/c/product/32952-REG/Matthews_299552_Sandbag_25_lb.html,,35.97,  https://www.adorama.com/mt299552.html   https://www.ebay.com/itm/Matthews-Cordura-25-lb-Sandbag-Color-Black-299553-/392009431681?_ul=AR,2021-01-10,,,,,,,,,,ER - Bold-C,,,,,,
"Road Rags I Kit 18x24""","boldc#RoadRagsIKit18x24""",,EQUIPMENT,,,,,,,,,,,https://drive.google.com/file/d/1ROvOjYAz7IdPJk0IHf31XBKGbqVK_IDB/view?usp=sharing,https://www.msegrip.com/products/roadrags?_pos=1&_sid=c0b133f17&_ss=r,,43.89,https://www.bhphotovideo.com/c/product/227712-REG/Matthews_350595_RoadRags_Kit_18.html   https://www.filmtools.com/matthews-studio-equipment-road-rags-18-x-24-flag-kit-350595.html no ebay,2021-01-10,,,,,,,,,,ER - Bold-C,,,,,,
Matthews Apple Box Set,boldc#MatthewsAppleBoxSet,accessory,EQUIPMENT,,,,3028695,,,,N/A,,,https://drive.google.com/file/d/1yhRAW5BfP8ZcpCmh2xTvpFc5PTDwvsCU/view?usp=sharing,https://www.msegrip.com/products/hi-hi-overhead-roller-stand?_pos=2&_sid=0972cce81&_ss=r,,148,https://www.filmtools.com/filmtools-apple-box-set-kit.html   https://www.adorama.com/mt2595k.html   no ebay (goes to adorama's listing),2021-01-10,,,,,,,,,,ER - Bold-C,,,,,,
Matthews Hi HiRoller Stand,boldc#MatthewsHiHiRollerStand,audio,EQUIPMENT,,,4022-1,,,,,BDSB31356,,,https://drive.google.com/file/d/1gm4rnU1rWRmwwfLpjLlaO7OPf-rIv3Yc/view?usp=sharing,https://sites.middlebury.edu/filmsupport/files/2014/10/Matthews_Stands.pdf,,405.65,https://www.bhphotovideo.com/c/product/33086-REG/Matthews_H377577_Hi_Hi_Overhead_Roller_Stand.html   https://www.ebay.com/c/1500387008   https://www.msegrip.com/products/hi-hi-overhead-roller-stand-with-rocky-mountain-leg,2021-01-10,,,,,,,,,,ER - Bold-C,,,,,,
Hi-Hi Roller (Wheeled),boldc#Hi-HiRoller(Wheeled),audio,EQUIPMENT,,,4022-1,,,,,BDSB31355,,,,,,,,,,,,,,,,,,ER - Bold-C,,,,,,
Matthews C-Stand,boldc#MatthewsC-Stand,audio,EQUIPMENT,,,,,,,,BDSB31350,,,https://drive.google.com/file/d/1hphT48TOIQYC4d4gEbK3cfVYLkZPXyAL/view?usp=sharing,https://sites.middlebury.edu/filmsupport/files/2014/10/Matthews_Stands.pdf,,204.2,https://www.bhphotovideo.com/c/product/1095292-REG/matthews_339764_40_c_stand_with.html   https://www.amazon.com/Matthews-Century-Sliding-Maximum-Supports/dp/B000TI3370   no ebay,2021-01-10,,,,,,,,,,ER - Bold-C,,,,,,
Matthews C-Stand,boldc#MatthewsC-Stand002,audio,EQUIPMENT,,,, ,,,,BDSB31349,,,https://drive.google.com/file/d/1hphT48TOIQYC4d4gEbK3cfVYLkZPXyAL/view?usp=sharing,https://sites.middlebury.edu/filmsupport/files/2014/10/Matthews_Stands.pdf,,163.4,https://www.samys.com/p/Light-Stands/756020/Matthews-20-inch.-Hollywood-Century-C-Stand-with-Arm--Grip-Head/21402.html   https://www.bhphotovideo.com/c/product/690971-REG/Matthews_B756020_C_Stand_with_Sliding.html   no ebay (sold out??),2021-01-10,,,,,,,,,,ER - Bold-C,,,,,,
Matthews C-Stand,boldc#MatthewsC-Stand003,,EQUIPMENT,,,,,,,,BDSB31414,,,,,,,,,,,,,,,,,,ER - Bold-C,,,,,,
Matthews C-Stand,boldc#MatthewsC-Stand004,,EQUIPMENT,,,,,,,,BDSB31303,,,,,,,,,,,,,,,,,,ER - Bold-C,,,,,,
Matthews C-Stand,boldc#MatthewsC-Stand005,,EQUIPMENT,,,,,,,,BDSB31405,,,,,,,,,,,,,,,,,,ER - Bold-C,,,,,,
Matthews C-Stand,boldc#MatthewsC-Stand006,,EQUIPMENT,,,,,,,,BDSB31413,,,,,,,,,,,,,,,,,,ER - Bold-C,,,,,,
Matthews C-Stand,boldc#MatthewsC-Stand007,,EQUIPMENT,,,,,,,,BDSB31248,,,,,,,,,,,,,,,,,,ER - Bold-C,,,,,,
Matthews C-Stand,boldc#MatthewsC-Stand008,,EQUIPMENT,,,,,,,,BDSB31345,,,,,,,,,,,,,,,,,,ER - Bold-C,,,,,,
Matthews C-Stand,boldc#MatthewsC-Stand009,,EQUIPMENT,,,,,,,,BDSB31351,,,,,,,,,,,,,,,,,,ER - Bold-C,,,,,,
Matthews C-Stand,boldc#MatthewsC-Stand010,,EQUIPMENT,,,,,,,,BDSB31412,,,,,,,,,,,,,,,,,,ER - Bold-C,,,,,,
Matthews C-Stand,boldc#MatthewsC-Stand011,,EQUIPMENT,,,,,,,,BDSB31409,,,,,,,,,,,,,,,,,,ER - Bold-C,,,,,,
Matthews C-Stand,boldc#MatthewsC-Stand012,,EQUIPMENT,,,,,,,,BDSB31347,,,,,,,,,,,,,,,,,,ER - Bold-C,,,,,,
Matthews C-Stand,boldc#MatthewsC-Stand013,,EQUIPMENT,,,,,,,,BDSB31387,,,,,,,,,,,,,,,,,,ER - Bold-C,,,,,,
Matthews C-Stand,boldc#MatthewsC-Stand014,,EQUIPMENT,,,,,,,,BDSB31343,,,,,,,,,,,,,,,,,,ER - Bold-C,,,,,,
Matthews C-Stand,boldc#MatthewsC-Stand015,,EQUIPMENT,,,,,,,,BDSB31340,,,,,,,,,,,,,,,,,,ER - Bold-C,,,,,,
Matthews C-Stand,boldc#MatthewsC-Stand016,,EQUIPMENT,,,,,,,,BDSB31384,,,,,,,,,,,,,,,,,,ER - Bold-C,,,,,,
Matthews C-Stand,boldc#MatthewsC-Stand017,,EQUIPMENT,,,,,,,,BDSB31399,,,,,,,,,,,,,,,,,,ER - Bold-C,,,,,,
Matthews C-Stand,boldc#MatthewsC-Stand018,,EQUIPMENT,,,,,,,,BDSB31344,,,,,,,,,,,,,,,,,,ER - Bold-C,,,,,,
Matthews C-Stand,boldc#MatthewsC-Stand019,,EQUIPMENT,,,,,,,,BDSB31386,,,,,,,,,,,,,,,,,,ER - Bold-C,,,,,,
Matthews C-Stand,boldc#MatthewsC-Stand020,,EQUIPMENT,,,,,,,,BDSB31341,,,,,,,,,,,,,,,,,,ER - Bold-C,,,,,,
Matthews C-Stand,boldc#MatthewsC-Stand021,,EQUIPMENT,,,,,,,,BDSB31342,,,,,,,,,,,,,,,,,,ER - Bold-C,,,,,,
Matthews C-Stand,boldc#MatthewsC-Stand022,,EQUIPMENT,,,,,,,,BDSB31401,,,,,,,,,,,,,,,,,,ER - Bold-C,,,,,,
Misc Clamps,boldc#MiscClamps,,EQUIPMENT,,,,,,,,,,,,,,,,,,,,,,,,,,ER - Bold-C,,,,,,
"Road Rags II Kit 24x36""","boldc#RoadRagsIIKit24x36""",lighting,EQUIPMENT,,,,,,,,,,,https://drive.google.com/file/d/1jNAJ2W2JYQ_vwykeQybuBZxLZlq549rs/view?usp=sharing,https://www.msegrip.com/products/roadragsii?_pos=2&_sid=d91f2b219&_ss=r,,323.02,https://www.bhphotovideo.com/c/product/272813-REG/Matthews_350596_RoadRags_II_Kit.html   https://www.amazon.com/Matthews-24-36-RoadRags-Kit/dp/B00F3KNNP6   https://www.ebay.com/c/1300677170,2021-01-10,,,,,,,,,,ER - Bold-C,,,,,,
MYT Works dolly,boldc#MYTWorksdolly,grip,EQUIPMENT,,,,LVL-1166,,,,BDSB31481,Other Behrend numbers include: BDSB31501  BDSB31189  BDSB31500 ,,,https://www.mytworks.com/category/e_guides-manuals/feed/,,on hold,,,,,,,,,,,,ER - Bold-C,,,,,,
O'Connor Follow Focus Kit,boldc#O'ConnorFollowFocusKit,accessory,EQUIPMENT,,,CFF-1,,,,,,,,https://drive.google.com/file/d/12c2QckREGlKr8B1rE7XN4Mq3p7EtbIIh/view?usp=sharing,http://www.ocon.com/wp-content/uploads/2013/07/C1242-4980-3.pdf,,on hold,,,,,,,,,,,,ER - Bold-C,,,,,,
"Panasonic 17"" Monitor","boldc#Panasonic17""Monitor",accessory,EQUIPMENT,,,BT-LH1710P,E4TWA0017,,,,BDSB31270,,,https://drive.google.com/file/d/13BCyLpHGXIu4qaDRPuGjMFv5oDzCBsUP/view?usp=sharing,http://www.lowinglight.com/images/panasonic/BTLH1760171_OI.pdf,,on hold,,,,,,,,,,,,ER - Bold-C,,,,,,
Sandisk 256GB SSD,boldc#Sandisk256GBSSD,accessory,EQUIPMENT,,,,,,,,,,,https://drive.google.com/file/d/177K6QYLr-O8WUk6GUCxVfnPnhtdTjPe0/view?usp=sharing,https://downloads.sandisk.com/Dashboard/um/ssddashboard-um-en.pdf,,on hold,,,,,,,,,,,,ER - Bold-C,,,,,,
Red Mini-Mag Station,boldc#RedMini-MagStation,accessory,EQUIPMENT,RED EPIC,,,SN-RMMIN00531,,,,BDSB31063,,,https://drive.google.com/file/d/1ZDzdASSlJsj1D5shICqHIdNA2VK2rTlR/view?usp=sharing,https://cdn.static-bl.com/images/manual/RED-Mini-Mag-Operation-System.pdf,,179.67,https://www.red.com/red-station-mini-mag-usb-3   https://www.bhphotovideo.com/c/product/1346526-REG/red_digital_cinema_750_0084_red_station_red_mini_mag.html   https://www.ebay.com/itm/Red-Digital-Cinema-RED-STATION-RED-MINI-MAG-USB-3-1-/254789148482,2021-01-10,,,,,,,,,,ER - Bold-C,,,,,,
Red Mini-Mag 256GB,boldc#RedMini-Mag256GB,accessory,EQUIPMENT,,,,,,,,,,,https://drive.google.com/file/d/1ZDzdASSlJsj1D5shICqHIdNA2VK2rTlR/view?usp=sharing,https://cdn.static-bl.com/images/manual/RED-Mini-Mag-Operation-System.pdf,,not in production  scrubbed,,,,,,,,,,,,ER - Bold-C,,,,,,
Red Mini-Mag 512GB,boldc#RedMini-Mag512GB,accessory,EQUIPMENT,,,,,,,,,,,https://drive.google.com/file/d/1ZDzdASSlJsj1D5shICqHIdNA2VK2rTlR/view?usp=sharing,https://cdn.static-bl.com/images/manual/RED-Mini-Mag-Operation-System.pdf,,1916.67,https://www.bandpro.com/red-mini-mag-512gb.html   https://www.sharegrid.com/products/1300-red-mini-mag-512gb/buy   ,2021-01-10,,,,,,,,,,ER - Bold-C,,,,,,
Red 2 Stage Matte Box,boldc#Red2StageMatteBox,accessory,EQUIPMENT,,,,,,,,,,,https://drive.google.com/file/d/1g7Yw0TZcyASNQn6tYJ7oMrZhFk6_f-Hg/view?usp=sharing,https://www.red.com/downloads/matte-box,,not in production  scrubbed,,,,,,,,,,,,ER - Bold-C,,,,,,
RED Epic Dragon 6K Package (PL  EF  F),boldc#REDEpicDragon6KPackage(PLEFF),camera,EQUIPMENT,RED EPIC,,102A63D4C,125-1222 REV-05 35V,,YGA003,,BDSB31054,,,https://drive.google.com/file/d/1jxfbNenLcXKyfPTgtHwrgOzjGUdrt0wq/view?usp=sharing,https://docs.red.com/955-0020/955-0020_v6.3%20Rev-AF%20%20%20RED%20PS%2C%20EPIC%20SCARLET%20Operation%20Guide.pdf,,on hold,,,,,,,,,,,,ER - Bold-C,,,,,,
RED MOTE,boldc#REDMOTE,accessory,EQUIPMENT,RED EPIC,,,770102ACE7F4,,,,,,,,,,,,,,,,,,,,,,ER - Bold-C,,,,,,
RED MOUNTS,boldc#REDMOUNTS,,EQUIPMENT,,,,,,,,,,,,,,,,,,,,,,,,,,ER - Bold-C,,,,,,
RED Monitor,boldc#REDMonitor,,EQUIPMENT,RED EPIC,,,730102ADB3CE,,,,BDSB31071,,,,,,,,,,,,,,,,,,ER - Bold-C,,,,,,
RED EVF OLED,boldc#REDEVFOLED,,EQUIPMENT,RED EPIC,,,730102AE4C73,,,,,,,,,,,,,,,,,,,,,,ER - Bold-C,,,,,,
RED Quickplate,boldc#REDQuickplate,,EQUIPMENT,RED EPIC,,,79013028F7D9,,,,,,,,,,,,,,,,,,,,,,ER - Bold-C,,,,,,
Avenger 4039CS Boom Stand,boldc#Avenger4039CSBoomStand,audio,EQUIPMENT,,,A4039CS,,,,,BDSB31336,,,https://drive.google.com/file/d/1Tjavgl2KrA9acuYo2l6g_PddhGz5DLjM/view?usp=sharing,https://www.bhphotovideo.com/c/product/611471-REG/Avenger_A4039CS_A4039CS_Combi_Boom_Stand.html,,313.25,https://www.bhphotovideo.com/c/product/611471-REG/Avenger_A4039CS_A4039CS_Combi_Boom_Stand.html   https://www.manfrotto.com/us-en/avenger-grip/boom-stand-39-steel-a4039cs/   https://www.adorama.com/aea4039cs.html,2021-01-17,,,,,,,,,,ER - Bold-C,,,,,,
RedRock Micro Ultracage,boldc#RedRockMicroUltracage,grip,EQUIPMENT,,,1-12-2002,,,,,,,,https://drive.google.com/file/d/1DjQ87M2oighK2m77doU728SP8yxhSdUJ/view?usp=sharing,http://shop.redrockmicro.com/start/assembly_docs/ultraCage/DSLR/ultraFieldCinemaDSLR_Doc.pdf,,on hold,,,,,,,,,,,,ER - Bold-C,,,,,,
RODE VideoMic,boldc#RODEVideoMic,audio,EQUIPMENT,,,,SN038049,,,,BDSB31043,9V Batteries  No Case,,https://drive.google.com/file/d/1wCRNqsuxSL_cslN_xJvfbohfaaWRsTu-/view?usp=sharing,https://cdn1.rode.com/videomic_product_manual.pdf,,141,https://www.bhphotovideo.com/c/product/917425-REG/rode_videomic_r_videomic_with_rycote_lyre.html   https://www.ebay.com/itm/Rode-VideoMic-Camera-Mount-Shotgun-Microphone-Rycote-Shock-Mount-Video-Mic-OPEN/174597776586?hash=item28a6d6a4ca:g:GwMAAOSwJSJfQeg4   https://www.adorama.com/rdvmr.html,2021-01-17,,,,,,,,,,ER - Bold-C,,,,,,
RODE VideoMic,boldc#RODEVideoMic002,audio,EQUIPMENT,,,,SN0380491,,,,BDSB31043,  ,,https://drive.google.com/file/d/1wCRNqsuxSL_cslN_xJvfbohfaaWRsTu-/view?usp=sharing,https://cdn1.rode.com/videomic_product_manual.pdf,,141,https://www.bhphotovideo.com/c/product/917425-REG/rode_videomic_r_videomic_with_rycote_lyre.html   https://www.ebay.com/itm/Rode-VideoMic-Camera-Mount-Shotgun-Microphone-Rycote-Shock-Mount-Video-Mic-OPEN/174597776586?hash=item28a6d6a4ca:g:GwMAAOSwJSJfQeg4   https://www.adorama.com/rdvmr.html,2021-01-17,,,,,,,,,,ER - Bold-C,,,,,,
Rokinon Cine DS Lens Set (EF 16  24  35  85),boldc#RokinonCineDSLensSet(EF16243585),accessory,EQUIPMENT,,,,,,,,,,,https://drive.google.com/file/d/1kIQBFMZOt2BeWJh-RQrnqJfK3FmR9aZC/view?usp=sharing,https://www.rokinon.com/lenses/cine-ds-lenses/24mm-t15,,1422.33,https://www.amazon.com/Rokinon-Cine-Lens-Kit-Consists/dp/B07DMDF7M3   https://www.ebay.com/itm/Rokinon-Cine-DS-EF-mount-5-lens-kit-16-24-35-50-85mm-manual-cine-T1-5-T2-2/254831276353?hash=item3b5520b141:g:gH4AAOSwprZf-39P   https://www.adorama.com/rkdscmcg.html ,2021-01-17,,,,,,,,,,ER - Bold-C,,,,,,
Sachtler S20 Tripod,boldc#SachtlerS20Tripod,accessory,EQUIPMENT,,,,53901402529,,,,BDSB31210,,,https://drive.google.com/file/d/1v5yr7mLopb66JFesD0XRqBa_dA_-FO6s/view?usp=sharing,https://www.sachtler.com/en/sachtler/video-20-s1/c-26/p-1342,,on hold,,,,,,,,,,,,ER - Bold-C,,,,,,
Sachtler DA-100K Baby Pod,boldc#SachtlerDA-100KBabyPod,accessory,EQUIPMENT,,,,5221400455,,,,BDSB31208,,,https://drive.google.com/file/d/1WZyZszLdCuw345n2c4W5a40J22Dtv8Y-/view?usp=sharing,https://www.sachtler.com/en/products/product/?catalog=26&product=1445,,on hold,https://www.bhphotovideo.com/c/product/78748-REG/Sachtler_5122_DA_100K_Short_Aluminum_Tripod.html   https://www.adorama.com/scda100s.html   ,,,,,,,,,,,ER - Bold-C,,,,,,
Sekonic L-758dr,boldc#SekonicL-758dr,lighting,EQUIPMENT,,,,,,,,,,,https://drive.google.com/file/d/1kLKaq_kOFAbO0yHJRwqxdyeUaLcoD0sG/view?usp=sharing,https://www.sekonic.com/sites/sekonic.com/files/Manuals/L-758DR/l-758_operating_manual_english.pdf,,discontinued,,,,,,,,,,,,ER - Bold-C,,,,,,
Sennheiser MKH416,boldc#SennheiserMKH416,audio,EQUIPMENT,,,MHK416P48,156659  156664,,,,BDSB31185  BDSB31184,,,https://drive.google.com/file/d/1f_t0_eFSM2hYxC6-YkaIxBW3vlJqW4fa/view?usp=sharing,https://assets.sennheiser.com/global-downloads/file/5806/MKH_416_0119_EN.pdf,,932.67,https://en-us.sennheiser.com/short-shotgun-tube-microphone-camera-films-mkh-416-p48u3   https://www.bhphotovideo.com/c/product/79502-REG/Sennheiser_MKH416_P48U3_MKH_416_Short_Shotgun.html   https://www.ebay.com/p/18024813224?iid=264994423839 ,2021-01-17,,,,,,,,,,ER - Bold-C,,,,,,
Sony Professional Headphones,boldc#SonyProfessionalHeadphones,audio,EQUIPMENT,,,,,,,,,,,https://drive.google.com/file/d/1FYCDCD_oHBubTu0zJlEaO8pGnC3eFFsT/view?usp=sharing,https://pro.sony/ue_US/products/headphones/mdr-7506,,on hold,,,,,,,,,,,,ER - Bold-C,,,,,,
SoundDevices 664 Field Mixer,boldc#SoundDevices664FieldMixer,audio,EQUIPMENT,,,N/A,KA1114230007,,,,BDSB31160,,,https://drive.google.com/file/d/1PYO-WXb75eNH4z-kJbm1-zhrbh9w4YFa/view?usp=sharing,https://cdn.sounddevices.com/wp-content/uploads/2019/01/664-ug1.10.20.pdf,,4157,https://www.locationsound.com/sound-devices-664-six-input-field-production-mixer-w-integrated-recorder-1187   https://www.pro-sound.com/p/sound-devices-664-six-channel-field-production-mixer-with-integrated-recorder.html   https://www.ebay.com/itm/Sound-Devices-664/274650541259?hash=item3ff272accb:g:cu8AAOSw09hgBFqA,2021-01-17,,Good,,,,,,,,ER - Bold-C,,,,,,
SoundDevices 664 Field Mixer,boldc#SoundDevices664FieldMixer002,audio,EQUIPMENT,,,N/A,KA1114230008,,,,BDSB31161,Audio Connections to Dragon Kit,,https://drive.google.com/file/d/1PYO-WXb75eNH4z-kJbm1-zhrbh9w4YFa/view?usp=sharing,https://cdn.sounddevices.com/wp-content/uploads/2019/01/664-ug1.10.20.pdf,,4157,https://www.locationsound.com/sound-devices-664-six-input-field-production-mixer-w-integrated-recorder-1187   https://www.pro-sound.com/p/sound-devices-664-six-channel-field-production-mixer-with-integrated-recorder.html   https://www.ebay.com/itm/Sound-Devices-664/274650541259?hash=item3ff272accb:g:cu8AAOSw09hgBFqA,2021-01-17,,Good,,,,,,,,ER - Bold-C,,,,,,
Switronix Hypercore 150 V-Mount Battery,boldc#SwitronixHypercore150V-MountBattery,accessory,EQUIPMENT,,,,BP52151122   BP52240407   BP52331161   BP52362036   BP52240423   BP52150408,,,,BDSB31230   BDSB31522   BDSB31468   BDSB31469    BDSB31521   BDSB31229,,,https://drive.google.com/file/d/1g3dh0VC7qujKgQodBcJWOS3017CDz-io/view?usp=sharing,https://www.coreswx.com/wp-content/uploads/2017/06/Hypercore150S.pdf,,473,https://www.amazon.com/Switronix-HyperCore-Lithium-Ion-V-Mount-Battery/dp/B01KG4MXAO    https://www.bhphotovideo.com/c/product/1137173-REG/switronix_hypercore150s_hypercore_150wh_14_8v_v_mount.html   https://www.ebay.com/itm/Core-SWX-HyperCore-150Wh-Lithium-Ion-V-Mount-Battery-HYPERCORE150S-/372516781543,2021-01-17,,,,,,,,,,ER - Bold-C,,,,,,
Switronix Battery Set (charger+2 HyperCore 150 W/hr batteries),boldc#SwitronixBatterySet(charger+2HyperCore150W/hrbatteries),accessory,EQUIPMENT,,,GP-2LSU,,,,,BDSB31250   BDSB31249,,,https://drive.google.com/file/d/1g3dh0VC7qujKgQodBcJWOS3017CDz-io/view?usp=sharing,https://www.coreswx.com/wp-content/uploads/2017/06/Hypercore150S.pdf,,discontinued,,,,,,,,,,,,ER - Bold-C,,,,,,
Switronix Pro-X ,boldc#SwitronixPro-X,,EQUIPMENT,,,XP-L95RED,BP52180380    BP52180399,,,,BDSB31232    BDSB31231,Needs insp. link,,,,,,,,,,,,,,,,,ER - Bold-C,,,,,,
Switronix Jet Pack,boldc#SwitronixJetPack,,EQUIPMENT,,,,Rtl. Tag 413865,,,,,NEEDS BDSB#,,,,,,,,,,,,,,,,,ER - Bold-C,,,,,,
Teradek Bolt 300 RX,boldc#TeradekBolt300RX,accessory,EQUIPMENT,,,,93203032C,,VQSANBMGIN01,,,,,https://drive.google.com/file/d/1pVgPANA6ywtqijCqF2LxBu-jGB-pVcIG/view?usp=sharing,95201303C,,1265,https://www.ebay.com/c/1845379125   https://www.amazon.com/Teradek-Bolt-Pro-300-Transmitter/dp/B00RF6DHDO   https://alliedbroadcastgroup.com/product/teradek-bolt-300-wireless-video-system-used/,2021-01-17,,,,,,,,,,ER - Bold-C,,,,,,
Bolt with Velcrow over label,boldc#BoltwithVelcrowoverlabel,,EQUIPMENT,,,,,,VQSAMNINKHIN1,,,,,,,,,,,,,,,,,,,,ER - Bold-C,,,,,,
Teradek Bolt 600 RX,boldc#TeradekBolt600RX,accessory,EQUIPMENT,Teradek Bolt 600,,,95201303C,,VQSAMNMGIN01,,,,,https://drive.google.com/file/d/1pVgPANA6ywtqijCqF2LxBu-jGB-pVcIG/view?usp=sharing,http://cdn.teradek.com/Public/Bolt2/Docs/Teradek_Bolt_Pro_600_2000_Quick_Guide_v1_0714.pdf,,1702.67,https://www.ebay.com/itm/Teradek-Bolt-Pro-600-HD-SDI-HDMI-Wireless-Video-Transmitter-SKU1188881-/233386994746   https://www.adorama.com/us1188881.html   https://www.avantadigital.com/teradek-bolt-pro-600-tx-sdi-hdmi-video-transmitter.html,2021-01-17,,,,,,,,,,ER - Bold-C,,,,,,
Teradek Bolt 600 TX,boldc#TeradekBolt600TX,accessory,EQUIPMENT,Teradek Bolt 600,,,95101058A,,VQSAMNKHIN1,,,,,https://drive.google.com/file/d/1pVgPANA6ywtqijCqF2LxBu-jGB-pVcIG/view?usp=sharing,http://cdn.teradek.com/Public/Bolt2/Docs/Teradek_Bolt_Pro_600_2000_Quick_Guide_v1_0714.pdf,,1702.67,https://www.ebay.com/itm/Teradek-Bolt-Pro-600-HD-SDI-HDMI-Wireless-Video-Transmitter-SKU1188881-/233386994746   https://www.adorama.com/us1188881.html   https://www.avantadigital.com/teradek-bolt-pro-600-tx-sdi-hdmi-video-transmitter.html,2021-01-17,,,,,,,,,,ER - Bold-C,,,,,,
Bolt AC/DC Adapter,boldc#BoltAC/DCAdapter,accessory,EQUIPMENT,Teradek Bolt 600,,HHWY-1203000,,100-240v-50/60hz,,,BDSB31278,,,,,,,,,,,,,,,,,,ER - Bold-C,,,,,,
Tiffen 4x5.65 ND Filters Kit,boldc#Tiffen4x5.65NDFiltersKit,lighting,EQUIPMENT,,,,,,,,,,,https://drive.google.com/file/d/1yhITNAPvGFNYfinpxxN29ljdHZI7A_iE/view?usp=sharing,https://www.bhphotovideo.com/c/product/764280-REG/Tiffen_W4565PROKT_The_Pro_HV_Filter.html,,1126.7,https://tiffen.com/products/4-x-5-65-pro-indie-hv-neutral-density-filter-kit   https://www.bhphotovideo.com/c/product/764280-REG/Tiffen_W4565PROKT_The_Pro_HV_Filter.html   https://www.ebay.com/itm/New-Tiffen-4x5-65-Pro-Plus-Indie-HV-ND-Filter-Kit-5-6-7-Stop-W4565PROPKT/352625291687?hash=item521a1af1a7:g:~xAAAOSw~-ZcltMw,2021-01-17,,,,,,,,,,ER - Bold-C,,,,,,
"Tv Logic 5.5"" Monitor","boldc#TvLogic5.5""Monitor",accessory,EQUIPMENT,,,VFM-058W,VF058O0779,,,,BDSB31266,,,https://drive.google.com/file/d/1Ly4uiDdbsoKBKPnG1RcUt44RXOT6TOWq/view?usp=sharing,https://cvp.com/pdf/f-5a-manual.pdf,,562,https://www.bhphotovideo.com/c/product/1422452-REG/tvlogic_vfm_055a_5_5_oled_monitor.html   https://www.abelcine.com/buy/monitors-viewing/on-board-field-monitors/tvlogic-vfm-055a-55-full-hd-oled-monitor   https://www.ebay.com/itm/TVlogic-VFM-055A-5-5-inch-3G-HD-SDI-HDMI-OLED-Monitor-with-Cast-Aluminum-Body-/202412255126,2021-01-17,,,,,,,,,,ER - Bold-C,,,,,,
"Tv Logic 5.5"" Monitor","boldc#TvLogic5.5""Monitor002",accessory,EQUIPMENT,,,VFM-058W,VF058O0775,,,,BDSB31265,,,https://drive.google.com/file/d/1Ly4uiDdbsoKBKPnG1RcUt44RXOT6TOWq/view?usp=sharing,https://cvp.com/pdf/f-5a-manual.pdf,,562,https://www.bhphotovideo.com/c/product/1422452-REG/tvlogic_vfm_055a_5_5_oled_monitor.html   https://www.abelcine.com/buy/monitors-viewing/on-board-field-monitors/tvlogic-vfm-055a-55-full-hd-oled-monitor   https://www.ebay.com/itm/TVlogic-VFM-055A-5-5-inch-3G-HD-SDI-HDMI-OLED-Monitor-with-Cast-Aluminum-Body-/202412255126,2021-01-17,,,,,,,,,,ER - Bold-C,,,,,,
Zacuto Recoil Kit,boldc#ZacutoRecoilKit,grip,EQUIPMENT,,Zacuto Recoil Kit,,,,,,BDSB31449,,,,https://www.zacuto.com/product-instructions,,on hold,,,,,,,,,,,,ER - Bold-C,,,,,,
Zacuto Recoil Kit,boldc#ZacutoRecoilKit002,grip,EQUIPMENT,,Zacuto Recoil Kit,,,,,,BDSB31451,,,,https://www.zacuto.com/product-instructions,,on hold,,,,,,,,,,,,ER - Bold-C,,,,,,
Zacuto Recoil Kit,boldc#ZacutoRecoilKit003,grip,EQUIPMENT,,Zacuto Recoil Kit,,,,,,BDSB31448,,,,https://www.zacuto.com/product-instructions,,on hold,,,,,,,,,,,,ER - Bold-C,,,,,,
TOP-650W ,boldc#TOP-650W,,EQUIPMENT,TOP lights,,,,,,,BDSB31428,,,,,,,,,,,,,,,,,,ER - Bold-C,,,,,,
TOP-650W ,boldc#TOP-650W002,,EQUIPMENT,TOP lights,,,,,,,BDSB31429,,,,,,,,,,,,,,,,,,ER - Bold-C,,,,,,
TOP-650W ,boldc#TOP-650W003,,EQUIPMENT,TOP lights,,,,,,,BDSB31430,,,,,,,,,,,,,,,,,,ER - Bold-C,,,,,,
TOP Tripod,boldc#TOPTripod,,EQUIPMENT,TOP lights,,,,,,,BDSB31432,,,,,,,,,,,,,,,,,,ER - Bold-C,,,,,,
TOP Tripod,boldc#TOPTripod002,,EQUIPMENT,TOP lights,,,,,,,BDSB31433,,,,,,,,,,,,,,,,,,ER - Bold-C,,,,,,
TOP Tripod,boldc#TOPTripod003,,EQUIPMENT,TOP lights,,,,,,,BDSB31431,,,,,,,,,,,,,,,,,,ER - Bold-C,,,,,,
BNC Cables,boldc#BNCCables,,,,,,,,,,,,,,,,,,,,,,,,,,,,ER - Bold-C,,,,,,
,,,,,,,,,,,,,,,,,,,,,,,,,,,,,,,,,,,
,,,,,,,,,,,,,,,,,,,,,,,,,,,,,,,,,,,
,,,,,,,,,,,58,,,,,,,,,,,,,,,,,,,,,,,,
,,,,,,,,,,,,,,,,,,,,,,,,,,,,,,,,,,,
,,,,,,,,,,,,,,,,,,,,,,,,,,,,,,,,,,,
,,,,,,,,,,,,,,,,,,,,,,,,,,,,,,,,,,,
,,,,,,,,,,,,,,,,,,,,,,,,,,,,,,,,,,,
,,,,,,58,,,,,,,,,,,,,,,,,,,,,,,,,,,,,